1079,,Paminta per sack 25kg,3,5500.00
1080,,Laurel per bag 50kg,3,8500.00
1081,,Rock salt per bag 30kg,3,280.00
1082,,Tina per bag 25kg,3,920.00
1083,,3rd class flour per bag 25kg,3,600.00
1084,,Cornstarch per bag 25kg,3,700.00
1085,,Cassava per bag 50kg,3,1950.00
1086,,Chlorine per drum 40kg,3,1950.00
1087,,White Beans per bag 25kg,3,1600.00
1088,,Iodized salt per bag 25kg,3,260.00
1089,,Luisita sugar white per bag 50kg,3,2900.00
1090,,Bais wash sugar per bag 50kg,3,2500.00
1091,,Brown sugar per bag 50kg,3,2400.00
1092,,Dark sugar per bag 50kg,3,3900.00
1093,,TOMATO SAUCE FILIPINO 900g,3,80.00
1094,,TOMATO SAUCE FILIPINO 250g,3,23.00
1095,,TOMATO SAUCE FILIPINO 200G,3,21.00
1096,,TOMATO SAUCE ORIGINAL 115G,3,19.00
1097,,TOMATO SAUCE FILIPINO 90G,3,12.00
1098,,SS FIL 900g,3,88.00
1099,,SS SWEET 1K,3,94.00
1100,,SS ITALIAN 900g,3,94.00
1101,,TOM PASTE 150g ,3,31.00
1102,,TIDBITS 115g,3,16.00
1103,,PJ GAL ,3,175.00
1104,,PJ 1/2 GAL 46 oz,3,100.00
1105,,PJ 530 ML 2T,3,53.00
1106,,PJ 202,3,29.00
1107,,TODAYS GAL,3,250.00
1108,,TODAYS 836g,3,84.00
1109,,FIESTA GAL,3,285.00
1110,,FIESTA 836g,3,86.00
1111,,CHUNKS FLAT,3,33.00
1112,,CHUNKS 822g,3,94.00
1113,,TIDBITS FLAT,3,33.00
1114,,CRUSHED FLAT,3,33.00
1115,,KIKKOMAN LITER SOY,3,250.00
1116,,202 (6+1),3,
1093,,TOMATO SAUCE FILIPINO 900g,7,930.00
1094,,TOMATO SAUCE FILIPINO 250g,7,1070.00
1095,,TOMATO SAUCE FILIPINO 200G,7,920.00
1096,,TOMATO SAUCE ORIGINAL 115G,7,820.00
1097,,TOMATO SAUCE FILIPINO 90G,7,555.00
1098,,SS FIL 900g,7,1030.00
1099,,SS SWEET 1K,7,1100.00
1100,,SS ITALIAN 900g,7,1100.00
1101,,TOM PASTE 150g ,7,1420.00
1102,,TIDBITS 115g,7,710.00
1103,,PJ GAL ,7,1025.00
1104,,PJ 1/2 GAL 46 oz,7,1176.00
1105,,PJ 530 ML 2T,7,1230.00
1106,,PJ 202,7,672.00
1107,,TODAYS GAL,7,1460.00
1108,,TODAYS 836g,7,1960.00
1109,,FIESTA GAL,7,1670.00
1110,,FIESTA 836g,7,2005.00
1111,,CHUNKS FLAT,7,762.00
1112,,CHUNKS 822g,7,2210.00
1113,,TIDBITS FLAT,7,762.00
1114,,CRUSHED FLAT,7,762.00
1115,,KIKKOMAN LITER SOY,7,2940.00
1116,,202 (6+1),7,672.00
1117,,LC MAYO 27ML,3,131.00
1118,,LC MAYO 80ML,3,32.50
1119,,LC MAYO 3.5,3,1150.00
1120,,BF W MAYO 3.5,3,418.00
1121,,SEAS 250ML,3,94.00
1122,,SEAS 500ML,3,156.00
1123,,SEAS 1L,3,297.00
1124,,CRAB N CORN 55G,3,52.00
1125,,CRM OF MUSH 60G,3,52.00
1126,,CHCKN CUBES X6 60G,3,34.00
1127,,BEEF CUBES X6 60G,3,34.00
1128,,PORK CUBES X6 60G,3,34.00
1129,,CHICKEN CUBES SINGLES,3,70.00
1130,,BEEF CUBES SINGLES,3,70.00
1131,,PORK CUBES SINGLES,3,70.00
1132,,SHRIMP SINGLES,3,70.00
1133,,SINIGANG 11G,3,83.00
1134,,SINIGANG LITRO 22G,3,173.00
1135,,SINIGANG LITRO 44G,3,27.00
1136,,GABI LITRO,3,175.00
1137,,MISO LITRO,3,178.00
1138,,SURF POWDER ,3,77.00
1139,,SURF POWDER (6+1),3,1530.01
1140,,CREAMSILK,3,74.00
1141,,CREAMSILK (11+1),3,68.00
1142,,SUNSILK,3,70.00
1143,,SUNSILK (11+1),3,65.00
1144,,DOVE SH,3,62.00
1145,,DOVE SH (11+1),3,0.00
1146,,CLOSE-UP,3,90.00
1147,,BREEZE ,3,154.00
1148,,BREEZE (6+1),3,77.00
1149,,KERATIN,3,77.00
1117,,LC MAYO 27ML,7,780.00
1118,,LC MAYO 80ML,7,2320.00
1119,,LC MAYO 3.5,7,4550.00
1120,,BF W MAYO 3.5,7,1655.00
1121,,SEAS 250ML,7,2220.00
1122,,SEAS 500ML,7,1842.00
1123,,SEAS 1L,7,1750.00
1124,,CRAB N CORN 55G,7,3060.00
1125,,CRM OF MUSH 60G,7,3060.00
1126,,CHCKN CUBES X6 60G,7,
1127,,BEEF CUBES X6 60G,7,
1128,,PORK CUBES X6 60G,7,
1129,,CHICKEN CUBES SINGLES,7,3280.00
1130,,BEEF CUBES SINGLES,7,3280.00
1131,,PORK CUBES SINGLES,7,3280.00
1132,,SHRIMP SINGLES,7,3280.00
1133,,SINIGANG 11G,7,1960.00
1134,,SINIGANG LITRO 22G,7,2050.00
1135,,SINIGANG LITRO 44G,7,3830.00
1136,,GABI LITRO,7,2060.00
1137,,MISO LITRO,7,2102.00
1138,,SURF POWDER ,7,1800.00
1139,,SURF POWDER (6+1),7,38.50
1140,,CREAMSILK,7,1745.00
1141,,CREAMSILK (11+1),7,1630.00
1142,,SUNSILK,7,1645.00
1143,,SUNSILK (11+1),7,1530.00
1144,,DOVE SH,7,1470.00
1145,,DOVE SH (11+1),7,0.00
1146,,CLOSE-UP,7,1065.00
1147,,BREEZE ,7,1800.00
1148,,BREEZE (6+1),7,
1149,,KERATIN,7,1828.00
1150,,DATU SOY 60ML,3,
1151,,DATU SOY 100ML,3,
1152,,DATU SOY 200ML,3,11.00
1153,,DATU SOY 350ML,3,19.00
1154,,DATU SOY 385ML,3,22.00
1155,,DATU SOY LITER,3,54.00
1156,,DATU SOY 1/2,3,105.00
1157,,DATU SOY GAL,3,195.00
1158,,DATU VINEGAR 60ML ,3,
1159,,DATU VINEGAR100ML,3,
1160,,DATU VINEGAR 200 ML ,3,8.00
1161,,DATU VINEGAR 350ML,3,18.00
1162,,DATU VINEGAR LITER,3,43.50
1163,,DATU VINEGAR 1/2,3,85.00
1164,,DATU VINEGAR GAL,3,155.00
1165,,DATU PATIS 60,3,
1166,,DATU PATIS 150,3,14.00
1167,,DATU PATIS 350,3,26.50
1168,,DATU PATIS LITER,3,75.00
1169,,MANG TOMAS 100ML,3,11.50
1170,,MANG TOMAS 325ML,3,37.00
1171,,MANG TOMAS 550ML,3,51.00
1172,,UFC 25G,3,
1173,,UFC 100,3,11.00
1174,,UFC 320,3,27.00
1175,,UFC LIT,3,70.00
1176,,UFC 1/2,3,126.00
1177,,UFC GAL,3,235.00
1178,,OYSTER 30,3,68.00
1179,,OYSTER 70,3,158.00
1180,,SWEET CHILI 340G,3,40.00
1181,,UFC SINIGANG 20,3,125.00
1182,,GOLDEN FIESTA 950,3,123.00
1150,,DATU SOY 60ML,7,580.00
1151,,DATU SOY 100ML,7,460.00
1152,,DATU SOY 200ML,7,610.00
1153,,DATU SOY 350ML,7,440.00
1154,,DATU SOY 385ML,7,510.00
1155,,DATU SOY LITER,7,620.00
1156,,DATU SOY 1/2,7,800.00
1157,,DATU SOY GAL,7,760.00
1158,,DATU VINEGAR 60ML ,7,510.00
1159,,DATU VINEGAR100ML,7,400.00
1160,,DATU VINEGAR 200 ML ,7,460.00
1161,,DATU VINEGAR 350ML,7,412.00
1162,,DATU VINEGAR LITER,7,500.00
1163,,DATU VINEGAR 1/2,7,650.00
1164,,DATU VINEGAR GAL,7,600.00
1165,,DATU PATIS 60,7,1010.00
1166,,DATU PATIS 150,7,800.00
1167,,DATU PATIS 350,7,605.00
1168,,DATU PATIS LITER,7,870.00
1169,,MANG TOMAS 100ML,7,520.00
1170,,MANG TOMAS 325ML,7,850.00
1171,,MANG TOMAS 550ML,7,880.00
1172,,UFC 25G,7,
1173,,UFC 100,7,500.00
1174,,UFC 320,7,630.00
1175,,UFC LIT,7,812.00
1176,,UFC 1/2,7,965.00
1177,,UFC GAL,7,922.00
1178,,OYSTER 30,7,785.00
1179,,OYSTER 70,7,610.00
1180,,SWEET CHILI 340G,7,910.00
1181,,UFC SINIGANG 20,7,960.00
1182,,GOLDEN FIESTA 950,7,1410.00
1183,,555 TUNA PLAIN 155G,3,32.00
1184,,555 TUNA HOT 155G ,3,33.00
1185,,CENTURY TUNA PLAIN 155G,3,36.00
1186,,CENTURY TUNA HOT 155G,3,36.00
1187,,CENTURY TUNA PLAIN 180G,3,45.00
1188,,CENTURY TUNA HOT 180G,3,46.00
1189,,CENTURY TUNA PLAIN 420G,3,99.50
1190,,ARGENTINA CORNBEEF 150G,3,36.00
1191,,ARGENTINA CORNBEEF 175G,3,40.00
1192,,ARGENTINA CORNBEEF 260G,3,56.00
1193,,ARGENTINA MEATLOAF 150G,3,23.00
1194,,ARGENTINA MEATLOAF 170G,3,25.00
1195,,ARGENTINA MEATLOAF 250G,3,33.00
1196,,ANGEL EVAP 410ML,3,33.00
1197,,ANGEL KREMDENSADA 410,3,60.00
1198,,SAN MARINO 85G,3,31.00
1199,,SAN MARINO 150G,3,41.00
1200,,SAN MARINO CHILI 150G,3,41.00
1201,,COCO MAMA 200ML,3,33.00
1202,,CDO KARNE NORTE 100G,3,20.00
1203,,CDO KARNE NORTE 150G,3,29.00
1204,,CDO KARNE NORTE 175G,3,33.00
1205,,CDO KARNE NORTE 260G,3,47.00
1206,,PALMOLIVE SHAMPOO 3 (11+1),3,60.00
1207,,PALMOLIVE,3,68.00
1208,,ARGENTINA GINILING 100G ,3,21.00
1209,,ARGENTINA GINILING 150G,3,29.00
1210,,ARGENTINA GINILING 250G,3,43.00
1211,,BIRCHTREE 33G,3,73.00
1212,,BIRCHTREE 300G,3,93.00
1213,,BIRCHTREE 700G,3,220.00
1214,,BIRCHTREE 1KL,3,290.00
1215,,BIRCHTREE 2KG,3,575.00
1216,,COCO MAMA 410 ML,3,64.00
1217,,SABA PUSIT 155G,3,58.00
1218,,SABA PUSIT 425G,3,127.00
1183,,555 TUNA PLAIN 155G,7,1530.00
1184,,555 TUNA HOT 155G ,7,1560.00
1185,,CENTURY TUNA PLAIN 155G,7,1715.00
1186,,CENTURY TUNA HOT 155G,7,1750.00
1187,,CENTURY TUNA PLAIN 180G,7,2065.00
1188,,CENTURY TUNA HOT 180G,7,2130.00
1189,,CENTURY TUNA PLAIN 420G,7,2315.00
1190,,ARGENTINA CORNBEEF 150G,7,1660.00
1191,,ARGENTINA CORNBEEF 175G,7,1850.00
1192,,ARGENTINA CORNBEEF 260G,7,2595.00
1193,,ARGENTINA MEATLOAF 150G,7,1090.00
1194,,ARGENTINA MEATLOAF 170G,7,1130.00
1195,,ARGENTINA MEATLOAF 250G,7,1540.00
1196,,ANGEL EVAP 410ML,7,1480.00
1197,,ANGEL KREMDENSADA 410,7,1410.00
1198,,SAN MARINO 85G,7,1400.00
1199,,SAN MARINO 150G,7,1870.00
1200,,SAN MARINO CHILI 150G,7,1870.00
1201,,COCO MAMA 200ML,7,1500.00
1202,,CDO KARNE NORTE 100G,7,900.00
1203,,CDO KARNE NORTE 150G,7,1330.00
1204,,CDO KARNE NORTE 175G,7,1533.00
1205,,CDO KARNE NORTE 260G,7,2200.00
1206,,PALMOLIVE SHAMPOO 3 (11+1),7,2100.00
1207,,PALMOLIVE,7,
1208,,ARGENTINA GINILING 100G ,7,980.00
1209,,ARGENTINA GINILING 150G,7,1345.00
1210,,ARGENTINA GINILING 250G,7,1995.00
1211,,BIRCHTREE 33G,7,1400.00
1212,,BIRCHTREE 300G,7,2140.00
1213,,BIRCHTREE 700G,7,2560.00
1214,,BIRCHTREE 1KL,7,
1215,,BIRCHTREE 2KG,7,
1216,,COCO MAMA 410 ML,7,1485.00
1217,,SABA PUSIT 155G,7,5565.00
1218,,SABA PUSIT 425G,7,5910.00
1219,,BEEF/CHICKEN SMALL,3,9.00
1220,,KASALO BEEF/CHICKEN,3,16.50
1221,,CANTON SMALL,3,14.00
1222,,CANTON KASALO,3,18.50
1223,,ANNATTO POW,3,22.00
1224,,PALABOK MIX,3,40.00
1225,,CALDERETA MIX,3,38.00
1226,,MENUDO/AFRITADA,3,35.00
1227,,BAYABAS MIX,3,35.00
1228,,KARE-KARE MIX,3,38.00
1229,, MS OYSTER 30g,3,70.00
1230,,MS OYSTER 156g,3,60.00
1231,,MS OYSTER MED 405G,3,106.00
1232,,MS OYSTER LNECK 765g,3,180.00
1233,,MS OYSTER GAL,3,725.00
1234,,GRAHAM CRACKERS,3,44.00
1235,,GRAHAM CRUSHED,3,45.00
1236,,DUTCHMILL 180ML,3,75.00
1219,,BEEF/CHICKEN SMALL,9,620.00
1220,,KASALO BEEF/CHICKEN,9,770.00
1221,,CANTON SMALL,9,980.00
1222,,CANTON KASALO,9,865.00
1223,,ANNATTO POW,9,1250.00
1224,,PALABOK MIX,9,
1225,,CALDERETA MIX,9,
1226,,MENUDO/AFRITADA,9,
1227,,BAYABAS MIX,9,
1228,,KARE-KARE MIX,9,
1229,, MS OYSTER 30g,9,540.00
1230,,MS OYSTER 156g,9,1385.00
1231,,MS OYSTER MED 405G,9,2485.00
1232,,MS OYSTER LNECK 765g,9,2100.00
1233,,MS OYSTER GAL,9,
1234,,GRAHAM CRACKERS,9,1010.00
1235,,GRAHAM CRUSHED,9,1060.00
1236,,DUTCHMILL 180ML,9,875.00
1237,ALASKA,EVAP RED BIG,3,55.00
1238,ALASKA,EVAP RED SM,3,29.00
1239,ALASKA,EVAPORADA BIG,3,35.00
1240,ALASKA,EVAPORADA SM,3,
1241,ALASKA,CONDENSED BIG,3,68.50
1242,ALASKA,CONDENSADA BIG,3,54.00
1243,ALASKA,POWDER 300g,3,92.00
1237,ALASKA,EVAP RED BIG,9,2550.00
1238,ALASKA,EVAP RED SM,9,1370.00
1239,ALASKA,EVAPORADA BIG,9,1620.00
1240,ALASKA,EVAPORADA SM,9,880.00
1241,ALASKA,CONDENSED BIG,9,3170.00
1242,ALASKA,CONDENSADA BIG,9,2515.00
1243,ALASKA,POWDER 300g,9,2670.00
1244,KREM TOP,80g,3,21.00
1245,KREM TOP,150g,3,46.00
1246,KREM TOP,220g,3,64.00
1247,KREM TOP,450g,3,107.00
1244,KREM TOP,80g,9,960.00
1245,KREM TOP,150g,9,2730.00
1246,KREM TOP,220g,9,1890.00
1247,KREM TOP,450g,9,2535.00
1248,NECO,EGG YELLOW 125g,3,240.00
1249,NECO,ORANGE 125g,3,240.00
1250,NECO,STRAWBERRY RED 125g,3,288.00
1251,NECO,VIOLET 125g,3,360.00
1252,NECO,EGG YELLOW 500g,3,112.00
1253,NECO,ORANGE 500g,3,112.00
1254,NECO,STRAWBERRY RED 500G,3,140.00
1255,NECO,VIOLET 500g,3,175.00
1256,NECO,BANANA LITER,3,82.00
1257,NECO,VANILLA LITER,3,82.00
1258,NECO,BANANA GALLON,3,230.00
1259,NECO,VANILLA GALLON,3,230.00
1260,NECO,FUCHSINE CRYSTAL,3,470.00
1248,NECO,EGG YELLOW 125g,9,2646.00
1249,NECO,ORANGE 125g,9,2646.00
1250,NECO,STRAWBERRY RED 125g,9,3265.00
1251,NECO,VIOLET 125g,9,4090.00
1252,NECO,EGG YELLOW 500g,9,1300.00
1253,NECO,ORANGE 500g,9,1300.00
1254,NECO,STRAWBERRY RED 500G,9,1600.00
1255,NECO,VIOLET 500g,9,2075.00
1256,NECO,BANANA LITER,9,940.00
1257,NECO,VANILLA LITER,9,940.00
1258,NECO,BANANA GALLON,9,900.00
1259,NECO,VANILLA GALLON,9,900.00
1260,NECO,FUCHSINE CRYSTAL,9,
1261,GREEN LEAVES,BANANA GIN SIZE,3,26.00
1262,GREEN LEAVES,BROWN LIQUID GIN SIZE,3,27.00
1263,GREEN LEAVES,BUCO PANDAN GIN SIZE,3,26.00
1264,GREEN LEAVES,VANILLA GIN SIZE,3,26.00
1265,GREEN LEAVES,LIHIA GIN SIZE,3,26.00
1266,GREEN LEAVES,BROWN LIQUID GALLON,3,146.00
1267,GREEN LEAVES,VANILLA GALLON,3,105.00
1268,GREEN LEAVES,LIHIA GALLON,3,146.00
1261,GREEN LEAVES,BANANA GIN SIZE,9,580.00
1262,GREEN LEAVES,BROWN LIQUID GIN SIZE,9,600.00
1263,GREEN LEAVES,BUCO PANDAN GIN SIZE,9,580.00
1264,GREEN LEAVES,VANILLA GIN SIZE,9,580.00
1265,GREEN LEAVES,LIHIA GIN SIZE,9,580.00
1266,GREEN LEAVES,BROWN LIQUID GALLON,9,570.00
1267,GREEN LEAVES,VANILLA GALLON,9,410.00
1268,GREEN LEAVES,LIHIA GALLON,9,570.00
1269,HYCO,CHILI POWDER,3,330.00
1270,HYCO,CURRY POWDER,3,365.00
1271,HYCO,GARLIC POWDER,3,350.00
1272,HYCO,ONION POWDER,3,300.00
1273,HYCO,EGG YELLOW,3,85.00
1274,HYCO,ORANGE,3,85.00
1275,HYCO,STRAWBERRY RED,3,85.00
1276,HYCO,VIOLET,3,85.00
1277,HYCO,GREEN,3,85.00
1269,HYCO,CHILI POWDER,9,
1270,HYCO,CURRY POWDER,9,4230.00
1271,HYCO,GARLIC POWDER,9,
1272,HYCO,ONION POWDER,9,
1273,HYCO,EGG YELLOW,9,970.00
1274,HYCO,ORANGE,9,970.00
1275,HYCO,STRAWBERRY RED,9,970.00
1276,HYCO,VIOLET,9,970.00
1277,HYCO,GREEN,9,970.00
1278,,NESCAFE 230G,3,21.00
1279,,NESCAFE 46G ,3,41.00
1280,,NESCAFE 92G,3,79.00
1281,,NESCAFE TWIN ORIG ,3,124.00
1282,,NESCAFE TWIN WHITE,3,124.00
1283,,COFFEE MATE 150G,3,47.00
1284,,COFFEE MATE 220G,3,65.00
1285,,COFFEE MATE 400G,3,115.00
1286,,MILO 24G,3,107.00
1287,,MILO 24G PRICE OFF,3,99.00
1288,,BEARBRAND SWAK 33G,3,86.00
1289,,BEARBRAND SWAK 135G,3,50.00
1290,,BEARBRAND SWAK 300G,3,108.00
1291,,MAGIC SARAP 8G,3,64.00
1292,,MAGIC SARAP 55G,3,26.00
1293,,MAGIC SARAP 150G,3,65.00
1294,,NESTEA LITRO LEMON,3,230.00
1295,,NESTEA LITRO APPLE,3,230.00
1296,,ALL PURPOSE CREAM 250ML,3,67.00
1278,,NESCAFE 230G,7,1210.00
1279,,NESCAFE 46G ,7,2350.00
1280,,NESCAFE 92G,7,2300.00
1281,,NESCAFE TWIN ORIG ,7,2370.00
1282,,NESCAFE TWIN WHITE,7,2370.00
1283,,COFFEE MATE 150G,7,2700.00
1284,,COFFEE MATE 220G,7,2488.00
1285,,COFFEE MATE 400G,7,2640.00
1286,,MILO 24G,7,
1287,,MILO 24G PRICE OFF,7,
1288,,BEARBRAND SWAK 33G,7,2025.00
1289,,BEARBRAND SWAK 135G,7,3440.00
1290,,BEARBRAND SWAK 300G,7,3782.00
1291,,MAGIC SARAP 8G,7,3650.00
1292,,MAGIC SARAP 55G,7,2490.00
1293,,MAGIC SARAP 150G,7,4955.00
1294,,NESTEA LITRO LEMON,7,2685.00
1295,,NESTEA LITRO APPLE,7,2685.00
1296,,ALL PURPOSE CREAM 250ML,7,1580.00
1297,,TJ REGULAR ,3,0.00
1298,,TJ JUMBO,3,0.00
1299,,TJ CHEESEDOG REG 1K,3,0.00
1300,,TJ CHEESEDOG JUMBO 1K,3,0.00
1301,,TJ KINGSIZE 1K,3,0.00
1302,,TJ COCKTAIL 1K,3,0.00
1303,,TJ GIANT 1K,3,0.00
1304,,TJ CHICKEN AND CHEESE JUMBO 1K,3,0.00
1305,,TJ CHICKEN JUMBO 1K,3,0.00
1306,,TJ COCKTAIL 250G,3,0.00
1307,,TJ REG 230G,3,0.00
1308,,TJ CHICKEN 250G,3,0.00
1309,,TJ CHICKEN AND CHEESE 250G,3,0.00
1310,,TJ CHICKEN 500G,3,0.00
1311,,TJ CHICKEN AND CHEESE 500G,3,0.00
1312,,TJ CHICKEN AND CHEESE JBO 3KG,3,0.00
1313,,TJ JBO TAKAL 3KG,3,0.00
1314,,TJ KINGSIZE 3KG 36PCS,3,0.00
1315,,TJ KINGSIZE 3KG 48PCS,3,0.00
1316,,BEEFIES CHEESE JBO 1K,3,0.00
1317,,STAR CHEESEDOG JBO 25+2,3,0.00
1318,,HIGANTE CHEESEDOG KINGSIZE 1.2KG,3,0.00
1319,,BREAST NUGGETS 200G ,3,0.00
1320,,CRAZY NUGGETS 200G ,3,0.00
1321,,STAR NUGGETS PLAIN 150G,3,0.00
1322,,STAR NUGGETS CHEESE 150G,3,0.00
1323,,VIDA HAM 250G,3,0.00
1324,,VIDA BACON 500G,3,0.00
1325,,VIDA BACON 250G,3,0.00
1326,,TOCINO 220G,3,0.00
1327,,BEEF TAPA 220G,3,0.00
1297,,TJ REGULAR ,7,0.00
1298,,TJ JUMBO,7,0.00
1299,,TJ CHEESEDOG REG 1K,7,0.00
1300,,TJ CHEESEDOG JUMBO 1K,7,0.00
1301,,TJ KINGSIZE 1K,7,0.00
1302,,TJ COCKTAIL 1K,7,0.00
1303,,TJ GIANT 1K,7,0.00
1304,,TJ CHICKEN AND CHEESE JUMBO 1K,7,0.00
1305,,TJ CHICKEN JUMBO 1K,7,0.00
1306,,TJ COCKTAIL 250G,7,0.00
1307,,TJ REG 230G,7,0.00
1308,,TJ CHICKEN 250G,7,0.00
1309,,TJ CHICKEN AND CHEESE 250G,7,0.00
1310,,TJ CHICKEN 500G,7,0.00
1311,,TJ CHICKEN AND CHEESE 500G,7,0.00
1312,,TJ CHICKEN AND CHEESE JBO 3KG,7,0.00
1313,,TJ JBO TAKAL 3KG,7,0.00
1314,,TJ KINGSIZE 3KG 36PCS,7,0.00
1315,,TJ KINGSIZE 3KG 48PCS,7,0.00
1316,,BEEFIES CHEESE JBO 1K,7,0.00
1317,,STAR CHEESEDOG JBO 25+2,7,0.00
1318,,HIGANTE CHEESEDOG KINGSIZE 1.2KG,7,0.00
1319,,BREAST NUGGETS 200G ,7,0.00
1320,,CRAZY NUGGETS 200G ,7,0.00
1321,,STAR NUGGETS PLAIN 150G,7,0.00
1322,,STAR NUGGETS CHEESE 150G,7,0.00
1323,,VIDA HAM 250G,7,0.00
1324,,VIDA BACON 500G,7,0.00
1325,,VIDA BACON 250G,7,0.00
1326,,TOCINO 220G,7,0.00
1327,,BEEF TAPA 220G,7,0.00
1328,,IDOL 1/4,3,48.00
1329,,IDOL 1/2,3,95.00
1330,,IDOL JUMBO 1K,3,165.00
1331,,BIGTIME PLAIN KINGSIZE,3,144.00
1332,,BIGTIME CHEESE KING SIZE,3,152.00
1333,,BIGTIME CHICKEN KING SIZE,3,163.00
1334,,CHICKEN CHEESE FRANKS 1/4,3,47.00
1335,,CHICKEN CHEESE FRANKS 1/2,3,95.00
1336,,CHICKEN FRANKS HONEY BBQ,3,95.00
1337,,HOLIDAY SQUIDBALLS 220g ,3,36.50
1338,,HOLIDAY QUEKIAM 220g,3,36.50
1339,,HOLIDAY CHEESEDOG 250g,3,43.00
1340,,BINGO NUGGETS 200g ,3,46.50
1341,,HOLIDAY SIOMAI PORK 960g ,3,140.00
1342,,HOLIDAY SIOMAI PORK 240g,3,42.00
1343,,HOLIDAY FOOTLONG,3,155.00
1344,,BINGO MINI 1/4,3,34.00
1345,,BINGO MINI 1K,3,118.00
1346,,BINGO JUMBO 1/4,3,34.00
1347,,BINGO JUMBO 1K,3,118.00
1348,,CDO HAM 250g ,3,76.00
1349,,SAVER'S HAM 250g ,3,60.00
1350,,YOUNG PORK 225g,3,60.00
1351,,CDO FUNTASTYK LONGGA 240g,3,72.00
1352,,CDO SKINLESS LONGGA 250g,3,67.00
1353,,HOLIDAY CORN BEEF ROLL 220g,3,39.00
1354,,MINI PATTIES X9,3,50.00
1355,,REGULAR PATTIES X6,3,50.00
1356,,ULAM B 912g 24PCS,3,190.00
1357,,CRISPY PATTIES ,3,52.00
1358,,DANES SLICED CHEESE,3,75.00
1359,,BIGTIME SLICED CHEESE,3,66.00
1360,,HOLIDAY LUMPIANG SHANGHAI ,3,125.00
1361,,BIGTIME CHEESE BAR 165g,3,36.00
1362,,BIGTIME CHEESE BAR 430g,3,94.00
1328,,IDOL 1/4,7,1130.00
1329,,IDOL 1/2,7,932.00
1330,,IDOL JUMBO 1K,7,1942.00
1331,,BIGTIME PLAIN KINGSIZE,7,1132.00
1332,,BIGTIME CHEESE KING SIZE,7,1200.00
1333,,BIGTIME CHICKEN KING SIZE,7,1920.00
1334,,CHICKEN CHEESE FRANKS 1/4,7,1015.00
1335,,CHICKEN CHEESE FRANKS 1/2,7,932.00
1336,,CHICKEN FRANKS HONEY BBQ,7,925.00
1337,,HOLIDAY SQUIDBALLS 220g ,7,720.00
1338,,HOLIDAY QUEKIAM 220g,7,790.00
1339,,HOLIDAY CHEESEDOG 250g,7,1010.00
1340,,BINGO NUGGETS 200g ,7,966.00
1341,,HOLIDAY SIOMAI PORK 960g ,7,
1342,,HOLIDAY SIOMAI PORK 240g,7,745.00
1343,,HOLIDAY FOOTLONG,7,1530.00
1344,,BINGO MINI 1/4,7,790.00
1345,,BINGO MINI 1K,7,
1346,,BINGO JUMBO 1/4,7,790.00
1347,,BINGO JUMBO 1K,7,
1348,,CDO HAM 250g ,7,2390.00
1349,,SAVER'S HAM 250g ,7,1890.00
1350,,YOUNG PORK 225g,7,2050.00
1351,,CDO FUNTASTYK LONGGA 240g,7,1764.00
1352,,CDO SKINLESS LONGGA 250g,7,1545.00
1353,,HOLIDAY CORN BEEF ROLL 220g,7,1225.00
1354,,MINI PATTIES X9,7,885.00
1355,,REGULAR PATTIES X6,7,1445.00
1356,,ULAM B 912g 24PCS,7,1500.00
1357,,CRISPY PATTIES ,7,1080.00
1358,,DANES SLICED CHEESE,7,2072.00
1359,,BIGTIME SLICED CHEESE,7,878.00
1360,,HOLIDAY LUMPIANG SHANGHAI ,7,
1361,,BIGTIME CHEESE BAR 165g,7,825.00
1362,,BIGTIME CHEESE BAR 430g,7,1100.00
1363,ZONROX,100ml,3,9.50
1364,ZONROX,250ml,3,16.00
1365,ZONROX,500ml,3,23.00
1366,ZONROX,LITER,3,40.00
1367,ZONROX,1/2 GAL,3,72.00
1368,ZONROX,GALLON,3,135.00
1369,ZONROX,PLUS 900ml,3,55.00
1363,ZONROX,100ml,9,640.00
1364,ZONROX,250ml,9,710.00
1365,ZONROX,500ml,9,795.00
1366,ZONROX,LITER,9,930.00
1367,ZONROX,1/2 GAL,9,845.00
1368,ZONROX,GALLON,9,400.00
1369,ZONROX,PLUS 900ml,9,1250.00
1370,COLORSAFE,95ml,3,13.00
1371,COLORSAFE,225ml,3,26.00
1372,COLORSAFE,450ml,3,40.00
1373,COLORSAFE,900ml,3,70.00
1374,COLORSAFE,GALLON,3,260.00
1370,COLORSAFE,95ml,9,880.00
1371,COLORSAFE,225ml,9,1200.00
1372,COLORSAFE,450ml,9,1370.00
1373,COLORSAFE,900ml,9,1600.00
1374,COLORSAFE,GALLON,9,765.00
1375,COLORSAFE,ETHYL 500ml,3,160.00
1376,COLORSAFE,ETHYL GALLON,3,160.00
1377,COLORSAFE,DEL FABCON 22ML,3,104.00
1378,COLORSAFE,DEL 1 LITER,3,68.00
1379,,ARIEL POWDER GREEN,3,96.00
1380,,TIDE POWDER,3,68.00
1381,,DOWNY ANTIBAC 36ml,3,127.00
1382,,DOWNY ANTIBAC SAKTO 23ml,3,58.00
1383,,DOWNY SUNRISE  38ml,3,127.00
1384,,DOWNY SUNRISE SAKTO 24ml,3,68.00
1385,,JOY LEMON 45ml,3,35.00
1386,,JOY LEMON SAKTO 20ml,3,55.00
1387,,HJOY  CALAMANSI 40ml,3,223.00
1388,,JOY CALAMANSI SAKTO (6+1),3,72.00
1389,,JOY LEMON 175ml,3,70.00
1375,COLORSAFE,ETHYL 500ml,3,160.00
1376,COLORSAFE,ETHYL GALLON,3,160.00
1377,COLORSAFE,DEL FABCON 22ML,3,104.00
1378,COLORSAFE,DEL 1 LITER,3,68.00
1379,,ARIEL POWDER GREEN,3,160.00
1380,,TIDE POWDER,3,160.00
1381,,DOWNY ANTIBAC 36ml,3,104.00
1382,,DOWNY ANTIBAC SAKTO 23ml,3,68.00
1383,,DOWNY SUNRISE  38ml,3,96.00
1384,,DOWNY SUNRISE SAKTO 24ml,3,68.00
1385,,JOY LEMON 45ml,3,127.00
1386,,JOY LEMON SAKTO 20ml,3,58.00
1387,,HJOY  CALAMANSI 40ml,3,127.00
1388,,JOY CALAMANSI SAKTO (6+1),3,68.00
1389,,JOY LEMON 175ml,3,35.00
1390,,JOY CALAMANSI 165ml,3,55.00
1391,,SAFEGUARD 60g WHITE,3,223.00
1392,,PANTENE SHAMPOO,3,72.00
1393,,HEAD & SHOULDER (11+1),3,70.00
1379,,ARIEL POWDER GREEN,9,2820.00
1380,,TIDE POWDER,9,2820.00
1381,,DOWNY ANTIBAC 36ml,9,1210.00
1382,,DOWNY ANTIBAC SAKTO 23ml,9,1980.00
1383,,DOWNY SUNRISE  38ml,9,1210.00
1384,,DOWNY SUNRISE SAKTO 24ml,9,1980.00
1385,,JOY LEMON 45ml,9,
1386,,JOY LEMON SAKTO 20ml,9,
1387,,HJOY  CALAMANSI 40ml,9,
1388,,JOY CALAMANSI SAKTO (6+1),9,
1389,,JOY LEMON 175ml,9,
1390,,JOY CALAMANSI 165ml,9,
1391,,SAFEGUARD 60g WHITE,9,2950.00
1392,,PANTENE SHAMPOO,9,2545.00
1393,,HEAD & SHOULDER (11+1),9,2850.00
1394,,PAPERBOX WHITE,3,2.00
1395,,PAPERBOX SILVER,3,2.40
1396,,2 DIVISION WHITE ,3,3.40
1397,,2 DIVISION SILVER,3,4.32
1398,,3 DIVISION WHITE,3,6.40
1399,,3 DIVISION SILVER,3,
1400,,LB1 SILVER,3,3.40
1401,,PAPERPLATE SILVER,3,20/25
1402,,KIKIAM PLAIN ,3,
1403,,KIKIAM SILVER,3,
1404,,HOTDOG PLAIN,3,
1405,,HOTDOG SILVER,3,
1406,,FOOTLONG TRAY,3,
1407,,TISSUE SUKI,3,52.00
1408,,ECOPAL,3,110.00
1409,,SUKI FOIL 8 METERS,3,22.00
1410,,SUKI FOIL 5 METERS,3,15.00
1411,,HOTDOG PAPERBOX,3,60/25
1412,,BURGER PAPERBOX,3,60/25
1413,,STICK 6 INCHES,3,15.00
1414,,STICK 8 INCHES,3,16.00
1415,,STICK 10 INCHES ,3,18.00
1416,,STICK 12 INCHES,3,20.00
1417,,SUKI SPOON,3,9.00
1418,GOLD LABER/TRIGEM,RE 1600ML,3,12.00
1419,GOLD LABER/TRIGEM,RE 2500ML,3,17.00
1420,GOLD LABER/TRIGEM,RO 30/750ML,3,3.50
1421,GOLD LABER/TRIGEM,RO 16/450ML,3,3.00
1422,GOLD LABER/TRIGEM,RO 10/250ML,3,2.70
1423,GOLD LABER/TRIGEM,RE 1000ML,3,4.50
1424,GOLD LABER/TRIGEM,RE 750ML,3,4.00
1425,GOLD LABER/TRIGEM,RE 500ML,3,3.50
1426,PAPERCUP,3 OZ,3,
1427,PAPERCUP,5 OZ ,3,
1428,PAPERCUP,6.5 OZ ,3,
1429,PAPERCUP,8 OZ ,3,0.70
1430,PAPERCUP,10 OZ ,3,0.80
1431,PAPERCUP,12 OZ ,3,1.00
1432,PAPERCUP,16 OZ ,3,1.30
1433,PAPERCUP,22 OZ ,3,1.64
1434,PAPERBOWL,220 CC,3,0.82
1435,PAPERBOWL,26O CC ,3,0.88
1436,PAPERBOWL,320 CC ,3,
1437,PAPERBOWL,390 CC TRIGEM,3,1.10
1438,PAPERBOWL,390CC GOLD LABEL,3,
1439,PAPERBOWL,520 CC ,3,1.34
1440,,SPAGBOX PREMIUM,3,
1441,,HINGEDCUP 1 OZ/30ML,3,45/50
1442,,HINGEDCUP 2 OZ/60ML,3,
1443,,HINGEDCUP 4 OZ/12OML,3,60/50
1444,STYRO,SW 1,3,115.00
1445,STYRO,SW 2,3,152.00
1446,STYRO,SW 3,3,165.00
1447,STYRO,STYRO BOX 2,3,184.00
1448,STYRO,STYRO BOX 3,3,250.00
1449,STYRO,SPAG BOX JUNIOR,3,0.90
1450,STYRO,LB 1 STYRO ,3,1.95
1451,STYRO,2 DIVISION STYRO ,3,1.60
1452,STYRO,3 DIVISION STYRO (L-377),3,1.95
1453,STYRO,4 DIVISION STYRO (L4-118),3,5.20
1454,STYRO,CHICKEN BOX (L 104),3,5.20
1455,STYRO,L1000,3,5.20
1456,STYRO,FTB STYRO (T-552),3,1.55
1457,STYRO,STYROCUP,3,1.12
1458,STYRO,SB 12,3,1.68
1459,STYRO,STYROPLATE,3,1.03
1460,STYRO,FTA (T-554),3,1.20
1394,,PAPERBOX WHITE,9,1865.00
1395,,PAPERBOX SILVER,9,2350.00
1396,,2 DIVISION WHITE ,9,1960.00
1397,,2 DIVISION SILVER,9,2470.00
1398,,3 DIVISION WHITE,9,2520.00
1399,,3 DIVISION SILVER,9,
1400,,LB1 SILVER,9,1930.00
1401,,PAPERPLATE SILVER,9,370.00
1402,,KIKIAM PLAIN ,9,170.00
1403,,KIKIAM SILVER,9,210.00
1404,,HOTDOG PLAIN,9,190.00
1405,,HOTDOG SILVER,9,230.00
1406,,FOOTLONG TRAY,9,240.00
1407,,TISSUE SUKI,9,240.00
1408,,ECOPAL,9,
1409,,SUKI FOIL 8 METERS,9,850.00
1410,,SUKI FOIL 5 METERS,9,560.00
1411,,HOTDOG PAPERBOX,9,
1412,,BURGER PAPERBOX,9,
1413,,STICK 6 INCHES,9,1300.00
1414,,STICK 8 INCHES,9,1350.00
1415,,STICK 10 INCHES ,9,1550.00
1416,,STICK 12 INCHES,9,1750.00
1417,,SUKI SPOON,9,790.00
1418,GOLD LABER/TRIGEM,RE 1600ML,9,1690.00
1419,GOLD LABER/TRIGEM,RE 2500ML,9,2390.00
1420,GOLD LABER/TRIGEM,RO 30/750ML,9,940.00
1421,GOLD LABER/TRIGEM,RO 16/450ML,9,770.00
1422,GOLD LABER/TRIGEM,RO 10/250ML,9,670.00
1423,GOLD LABER/TRIGEM,RE 1000ML,9,1230.00
1424,GOLD LABER/TRIGEM,RE 750ML,9,1140.00
1425,GOLD LABER/TRIGEM,RE 500ML,9,950.00
1426,PAPERCUP,3 OZ,9,720.00
1427,PAPERCUP,5 OZ ,9,470.00
1428,PAPERCUP,6.5 OZ ,9,530.00
1429,PAPERCUP,8 OZ ,9,630.00
1430,PAPERCUP,10 OZ ,9,730.00
1431,PAPERCUP,12 OZ ,9,840.00
1432,PAPERCUP,16 OZ ,9,1240.00
1433,PAPERCUP,22 OZ ,9,1600.00
1434,PAPERBOWL,220 CC,9,740.00
1435,PAPERBOWL,26O CC ,9,850.00
1436,PAPERBOWL,320 CC ,9,890.00
1437,PAPERBOWL,390 CC TRIGEM,9,1020.00
1438,PAPERBOWL,390CC GOLD LABEL,9,1070.00
1439,PAPERBOWL,520 CC ,9,1240.00
1440,,SPAGBOX PREMIUM,9,1140.00
1441,,HINGEDCUP 1 OZ/30ML,9,900.00
1442,,HINGEDCUP 2 OZ/60ML,9,
1443,,HINGEDCUP 4 OZ/12OML,9,1150.00
1444,STYRO,SW 1,9,
1445,STYRO,SW 2,9,
1446,STYRO,SW 3,9,
1447,STYRO,STYRO BOX 2,9,
1448,STYRO,STYRO BOX 3,9,
1449,STYRO,SPAG BOX JUNIOR,9,
1450,STYRO,LB 1 STYRO ,9,
1451,STYRO,2 DIVISION STYRO ,9,
1452,STYRO,3 DIVISION STYRO (L-377),9,
1453,STYRO,4 DIVISION STYRO (L4-118),9,
1454,STYRO,CHICKEN BOX (L 104),9,
1455,STYRO,L1000,9,
1456,STYRO,FTB STYRO (T-552),9,
1457,STYRO,STYROCUP,9,1000.00
1458,STYRO,SB 12,9,800.00
1459,STYRO,STYROPLATE,9,
1460,STYRO,FTA (T-554),9,
1461,,GREAT TASTE 25g,3,20.00
1462,,GREAT TASTE 50g,3,39.00
1463,,GREAT TASTE 100g,3,74.00
1464,,GREAT TASTE WHITE TWIN,3,115.00
1465,,GREAT TASTE CHOCO TWIN,3,118.00
1466,,GREAT TASTE ORIG TWIN,3,82.00
1461,,GREAT TASTE 25g,9,922.00
1462,,GREAT TASTE 50g,9,900.00
1463,,GREAT TASTE 100g,9,1740.00
1464,,GREAT TASTE WHITE TWIN,9,2660.00
1465,,GREAT TASTE CHOCO TWIN,9,2730.00
1466,,GREAT TASTE ORIG TWIN,9,1900.00
1467,,KOPIKO BLANCA TWIN,3,120.00
1468,,KOPIKO BLACK TWIN,3,118.00
1469,,KOPIKO BROWN TWIN,3,118.00
1470,,KOPIKO CARAMELO TWIN,3,126.00
1471,,KOPIKO MOCHA TWIN,3,126.00
1472,,ENERGEN CHOCO/VANILLA,3,78.00
1473,,ENERGEN CHAMPION TWIN,3,116.00
1467,,KOPIKO BLANCA TWIN,9,1400.00
1468,,KOPIKO BLACK TWIN,9,1365.00
1469,,KOPIKO BROWN TWIN,9,1365.00
1470,,KOPIKO CARAMELO TWIN,9,
1471,,KOPIKO MOCHA TWIN,9,
1472,,ENERGEN CHOCO/VANILLA,9,1800.00
1473,,ENERGEN CHAMPION TWIN,9,
1474,,AJI 1 KILO,3,213.00
1475,,AJI 500g,3,111.00
1476,,AJI 250g,3,61.00
1477,,AJI 100G,3,306.00
1478,,AJI GOLD 50g,3,77.00
1479,,AJI YELLOW 24g,3,49.00
1480,,AJI BLUE 11g,3,60.00
1481,,GINISA 250g,3,70.00
1482,,GINISA 100g,3,33.00
1483,,GINISA 8g,3,40.00
1484,,TASTY BOY 67,3,120.00
1485,,PORK SAVOR 8g,3,22.00
1486,,CRISPY FRY ORIG 238g,3,63.00
1487,,CRISPY FRY ORIG 62g,3,220.00
1488,,CRISPY FRY SPICY 62g,3,220.00
1489,,CRISPY FRY GARLIC 62g,3,220.00
1490,,SARSAYA OYSTER 30g,3,62.00
1474,,AJI 1 KILO,9,2500.00
1475,,AJI 500g,9,2600.00
1476,,AJI 250g,9,2856.00
1477,,AJI 100G,9,2400.00
1478,,AJI GOLD 50g,9,2244.00
1479,,AJI YELLOW 24g,9,2560.00
1480,,AJI BLUE 11g,9,3920.00
1481,,GINISA 250g,9,2470.00
1482,,GINISA 100g,9,1520.00
1483,,GINISA 8g,9,2074.00
1484,,TASTY BOY 67,9,1420.00
1485,,PORK SAVOR 8g,9,1250.00
1486,,CRISPY FRY ORIG 238g,9,1485.00
1487,,CRISPY FRY ORIG 62g,9,2842.00
1488,,CRISPY FRY SPICY 62g,9,2842.00
1489,,CRISPY FRY GARLIC 62g,9,2842.00
1490,,SARSAYA OYSTER 30g,9,
1491,,EDEN 160g,3,56.00
1492,,EDEN 430g,3,143.00
1493,,EDEN 45G,3,130.00
1494,,TANG LITRO,3,220.00
1495,,CHEEZ WHIZ 210g,3,94.00
1496,,CHEEZ WHIZ 440g,3,182.00
1497,,CHEEZ WHIZ TWIN,3,142.00
1498,,CALUMET SACHET 50g,3,15.50
1499,,CALUMET BAG 14K,3,144.00
1500,,OK CHEESE BIG,3,115.00
1501,,OK CHEESE SMALL,3,46.00
1491,,EDEN 160g,9,2590.00
1492,,EDEN 430g,9,3320.00
1493,,EDEN 45G,9,2270.00
1494,,TANG LITRO,9,2570.00
1495,,CHEEZ WHIZ 210g,9,2190.00
1496,,CHEEZ WHIZ 440g,9,2120.00
1497,,CHEEZ WHIZ TWIN,9,
1498,,CALUMET SACHET 50g,9,1050.00
1499,,CALUMET BAG 14K,9,1925.00
1500,,OK CHEESE BIG,9,1350.00
1501,,OK CHEESE SMALL,9,2070.00
1502,,BUTTERCUP,3,45.00
1503,,DARI CREME 200g,3,56.00
1504,,DARI CREME 100g,3,36.00
1505,,STAR MARG 100gx3,3,83.00
1506,,STAR MARG 100g 5+1,3,158.00
1507,,STAR MARG 250g,3,70.00
1508,,STAR MARG W/ HANDLE 1K,3,268.00
1509,,STAR MARG SACHET 30g,3,120.00
1510,,DAILY QUEZO SMALL,3,37.00
1511,,DAILY QUEZO BIG,3,110.00
1512,,MAGNOLIA CHEEZE SMALL,3,45.00
1513,,MAGNOLIA CHEEZE BIG,3,135.00
1514,,PF LUNCHEON MEAT 350g,3,160.00
1515,,SAN MIG COFFEE,3,67.00
1516,,PUREFOOD CORN BEEF 210G,3,205.00
1502,,BUTTERCUP,9,2120.00
1503,,DARI CREME 200g,9,2550.00
1504,,DARI CREME 100g,9,
1505,,STAR MARG 100gx3,9,
1506,,STAR MARG 100g 5+1,9,
1507,,STAR MARG 250g,9,
1508,,STAR MARG W/ HANDLE 1K,9,
1509,,STAR MARG SACHET 30g,9,
1510,,DAILY QUEZO SMALL,9,1700.00
1511,,DAILY QUEZO BIG,9,1300.00
1512,,MAGNOLIA CHEEZE SMALL,9,2100.00
1513,,MAGNOLIA CHEEZE BIG,9,1585.00
1514,,PF LUNCHEON MEAT 350g,9,1870.00
1515,,SAN MIG COFFEE,9,1970.00
1516,,PUREFOOD CORN BEEF 210G,9,
1517,,BIRCH TREE 33g,3,73.00
1518,,BIRCH TREE 300g,3,93.00
1519,,BIRCH TREE 700g,3,220.00
1520,,BIRCH TREE 1 KILO,3,290.00
1521,,ROSTIP,3,322.00
1522,,BEEF POWDER,3,458.00
1523,,SHRIMP POWDER,3,764.00
1524,,LUISITA WHITE,9,3420.00
1525,,BAIS WASH,9,3100.00
1526,,LIGHT BROWN ,9,2860.00
1527,,GOLDEN BROWN,9,2980.00
1528,,NEGRO,9,3650.00
1529,,WHITE PIGEON,9,735.00
1530,,CINDERELLA,9,900.00
1531,,SUPER VEGA,9,935.00
1532,,ALPHA COSTUMIZED,9,890.00
1533,,WHITE KING ALL PURPOSE,9,1180.00
1534,,BARON ALL PURPOSE,9,1190.00
1535,,CORNSTARCH,9,930.00
1536,,PENGUIN FLOUR,9,795.00
1537,,DAIRY GOLD (KLIM),9,1600.00
1538,,MILK BOY,9,5750.00
1539,,MATLING CASSAVA,9,2530.00
1540,,COCONUT OIL,9,1320.00
1541,,PALM OIL,9,1065.00
1542,,SPRING LITRO WHITE,9,880.00
1543,,SPRING GIN SIZE,9,1580.00
1544,,FREETO MARG TIMBA,9,810.00
1545,,FREETO MARG DRUM,9,2620.00
1546,,SOYA US,9,2450.00
1547,,LASTE,9,3500.00
1548,,MONGO BULILIT,9,2050.00
1549,,MONGO LABO BIG,9,1750.00
1550,,MANI BALAT 80/90,9,4670.00
1551,,MANI SKINLESS 25/29,9,2450.00
1552,,MANI SKINLESS 29/33,9,2400.00
1553,,ACCORD,9,1850.00
1554,,CURE MIX,9,650.00
1555,,TVP,9,1450.00
1556,,PAMINTA BUO,9,10750.00
1557,,PAMINTA CRACK/PINO,9,11000.00
1558,,VETSIN MEIFUNG/MIHONG,9,1400.00
1559,,LINGA,9,4200.00
1560,,CALCIUM SULFATE,9,1300.00
1561,,SODIUM BENZOATE,9,3000.00
1562,,BORAX,9,2050.00
1563,,CHLOROX,9,2100.00
1564,,VETSIN ORIG VEDAN,9,3700.00
1565,,ASIN,9,350.00
1566,,SPOON WHITE,9,700.00
1567,,FORK WHITE,9,700.00
1568,,TOYSPOON,9,700.00
1569,,POPCORN,9,1150.00
1570,,MASTERCHEF MALAGKIT BIGAS,9,1375.00
1571,,CARTON,9,1500.00
1572,,HOKKAI SMALL ,3,32.00
1573,,HOKKAI BIG,3,70.00
1574,,MASTER RED/GREEN SMALL  155G,3,24.50
1575,,MASTER RED/GREEN BIG 425G,3,58.00
1576,,RENO SMALL,3,28.00
1577,,RENO BIG,3,60.00
1578,,MALING BIG,3,118.00
1579,,JERSEY EVAPORADA ,3,30.00
1580,,JERSEY CONDENSED,3,42.00
1581,,VINAMILK I KILO,3,96.00
1582,,VINAMILK SMALL,3,38.00
1583,,B2 SMALL,3,16.00
1584,,B2 LONGNECK,3,35.00
1585,,LORINS PATIS 350ML,3,24.00
1586,,LORINS PATIS 1 LITER,3,66.00
1587,,LORINS PATIS 1/2 GAL,3,120.00
1588,,SELECTA MILK X2 PCS,3,172.00
1589,,FIESTA PASTA 800G,3,78.00
1590,,FIESTA PASTA W/ SAUCE,3,123.00
1591,,DOREEN 1 KILO,3,106.00
1592,,DOREEN SMALL,3,46.00
1572,,HOKKAI SMALL ,9,3050.00
1573,,HOKKAI BIG,9,3250.00
1574,,MASTER RED/GREEN SMALL  155G,9,2300.00
1575,,MASTER RED/GREEN BIG 425G,9,2710.00
1576,,RENO SMALL,9,1250.00
1577,,RENO BIG,9,2800.00
1578,,MALING BIG,9,5550.00
1579,,JERSEY EVAPORADA ,9,1390.00
1580,,JERSEY CONDENSED,9,1970.00
1581,,VINAMILK I KILO,9,2200.00
1582,,VINAMILK SMALL,9,1750.00
1583,,B2 SMALL,9,352.00
1584,,B2 LONGNECK,9,375.00
1585,,LORINS PATIS 350ML,9,565.00
1586,,LORINS PATIS 1 LITER,9,775.00
1587,,LORINS PATIS 1/2 GAL,9,710.00
1588,,SELECTA MILK X2 PCS,9,
1589,,FIESTA PASTA 800G,9,915.00
1590,,FIESTA PASTA W/ SAUCE,9,
1591,,DOREEN 1 KILO,9,2500.00
1592,,DOREEN SMALL,9,2130.00
1593,,CHAMPION BAR SUPRA,3,23.50
1594,,CHAMPION BAR CITRUS,3,23.50
1593,,CHAMPION BAR SUPRA,9,810.00
1594,,CHAMPION BAR CITRUS,9,810.00
1595,,FIREFLY 3 WATTS,3,65.00
1596,,FIREFLY 5 WATTS,3,72.00
1597,,FIREFLY 7 WATTS,3,95.00
1598,,FIREFLY 9 WATTS,3,95.00
1599,,FIREFLY 11 WATTS,3,108.00
1600,,FIREFLY 13 WATTS,3,135.00
1601,,FIREFLY 15 WATTS,3,150.00
1602,,PEANUT JAR ORD SMALL,3,315.00
1603,,PEANUT JAR ORD MEDIUM,3,230.00
1604,,PEANUT JAR ORD LARGE,3,280.00
1605,,ECO BAG SMALL,3,3.25
1606,,ECO BAG MEDIUM ,3,4.00
1607,,ECO BAG LARGE,3,5.00
1608,,SCOTCH BRITE W/ FOAM MINI,3,24.00
1609,,SCOTCH BRITE PAD REG,3,29.00
1610,,SCOTCH BRITE STEEL WOOL,3,40.00
1611,,TOYO GALLON,3,73.00
1612,,PATIS GALLON,3,73.00
1613,,TOYO LITER,3,30.00
1614,,PATIS LITER,3,30.00
1615,,CATSUP GALLON,3,83.00
1616,,SWEET CHILI GALLON,3,160.00
1617,,SWEET CHILI LITER,3,42.00
1618,,CATSUP LITER,3,265.00
1619,,CATSUP GALLON,3,70.00
1611,,TOYO GALLON,9,
1612,,PATIS GALLON,9,
1613,,TOYO LITER,9,345.00
1614,,PATIS LITER,9,345.00
1615,,CATSUP GALLON,9,
1616,,SWEET CHILI GALLON,9,
1617,,SWEET CHILI LITER,9,
1618,,CATSUP LITER,9,
1619,,CATSUP GALLON,9,
1620,SANTOS,SUKA GALLON,3,35.00
1621,COCONUT BRAND,TOYO BOTE,3,77.00
1620,SANTOS,SUKA GALLON,9,402.00
1621,COCONUT BRAND,TOYO BOTE,9,300.00
1622,COCONUT BRAND,TOYO LITER,3,85.00
1622,COCONUT BRAND,TOYO LITER,9,335.00
1623,COCONUT BRAND,TOYO GALLON,3,
1624,INVICTUS,SNOW WHITE MAYO 220ml,3,105.00
1625,INVICTUS,BURGER DRESSING 220ML,3,345.00
1623,COCONUT BRAND,TOYO GALLON,9,1125.00
1624,INVICTUS,SNOW WHITE MAYO 220ml,9,1235.00
1625,INVICTUS,BURGER DRESSING 220ML,9,1365.00
1626,INVICTUS,BURGER DRESSING LITER,3,16.00
1627,INVICTUS,BURGER DRESSING GALLON,3,16.00
1628,INVICTUS,SNOW WHITE MAYO GALLLON,3,65.00
1629,INVICTUS,BBQ CATSUP GALLON,3,180.00
1630,INVICTUS,MEXICAN HOT SAUCE GALLON,3,160.00
1631,,WHITE SUGAR,3,90.00
1632,,WASH SUGAR,3,113.00
1626,INVICTUS,BURGER DRESSING LITER,9,
1627,INVICTUS,BURGER DRESSING GALLON,9,
1628,INVICTUS,SNOW WHITE MAYO GALLLON,9,760.00
1629,INVICTUS,BBQ CATSUP GALLON,9,
1630,INVICTUS,MEXICAN HOT SAUCE GALLON,9,
1631,,WHITE SUGAR,14,18.75
1632,,WASH SUGAR,14,17.25
1633,,LIGHT BROWN,14,16.00
1634,,GOLDEN BROWN,14,17.25
1635,,NEGRO,14,20.25
1636,,ALL PURPOSE FLOUR,14,
1637,,CORNSTARCH,14,11.00
1638,,HARINA,14,8.75
1639,,CINDERELLA,14,
1640,,KLIM,14,18.00
1641,,MILK BOY,14,62.50
1642,,CASSAVA,14,
1643,,ANGKAK (BUO/PINO),14,50.00
1644,,MARGARINE,14,20.00
1645,,OREGANO,14,80.00
1646,,BANANA BLOSSOM,14,68.00
1647,,PASAS,14,30.00
1648,,CHILI POWDER CLEAR,14,55.00
1649,,ACCORD,14,
1650,,CURE MIX,14,
1651,,TVP MEAT EXTENDER,14,
1652,,GARLIC POWDER CLEAR,14,
1653,,BAWANG LUTO,14,33.00
1654,,BAWANG HILAW,14,27.00
1655,,ATSUETE POWDER,14,33.00
1656,,ATSUETE BUTO,14,75.00
1657,,CURRY POWDER CLEAR,14,55.00
1658,,ANIS PALAY,14,90.00
1659,,ASIN,14,
1660,,TAWAS PINO,14,
1661,,PAMINTA BUO,14,112.00
1662,,PAMINTA CRACK/PINO,14,115.00
1663,,SOYA,14,
1664,,MALAGKIT BIGAS ,14,
1665,,MASTERCHEF MALAGKIT POWDER,14,
1666,,LAUREL,14,65/30
1667,,MONGO LABO,14,
1668,,LASTE,14,40.00
1669,,SPOON/FORK,14,20.00
1670,,TOYSPOON,14,20.00
1671,,POPCORN,14,
1672,,SAGO,14,
1673,,MANI BALAT,14,
1674,,MANI SKINLESS 29/33,14,
1675,,LINGA,14,50.00
1676,,VETSIN ORDINARY,14,15.00
1677,,VETSIN ORIG VEDAN,14,40.00
1678,,CASUBHA,14,400.00
1679,,DRIED MUSHROOM,14,130.00
1680,,TENGANG DAGA (BLACK FUNGUS),14,75.00
1681,,DYARYO,14,
1682,,CARTON,14,
1683,,TINA LOKAL,14,13.50
1684,,TINA ORIG,14,22.50
1685,,IODIZED SALT,14,5.00
1686,,STAR ANIS,14,150.00
1687,,CELLOSHEET,14,50.00
1688,,BAKING POWDER,14,36.00
1689,,BHEAS OYSTER GALLON,14,50.00
1690,,BHEAS OYSTER LITER,14,36.00
1631,,WHITE SUGAR,13,37.00
1632,,WASH SUGAR,13,34.00
1633,,LIGHT BROWN,13,31.50
1634,,GOLDEN BROWN,13,34.00
1635,,NEGRO,13,40.00
1636,,ALL PURPOSE FLOUR,13,26.00
1637,,CORNSTARCH,13,22.00
1638,,HARINA,13,17.00
1639,,CINDERELLA,13,
1640,,KLIM,13,
1641,,MILK BOY,13,125.00
1642,,CASSAVA,13,
1643,,ANGKAK (BUO/PINO),13,100.00
1644,,MARGARINE,13,38.00
1645,,OREGANO,13,160.00
1646,,BANANA BLOSSOM,13,135.00
1647,,PASAS,13,60.00
1648,,CHILI POWDER CLEAR,13,110.00
1649,,ACCORD,13,
1650,,CURE MIX,13,
1651,,TVP MEAT EXTENDER,13,40.00
1652,,GARLIC POWDER CLEAR,13,
1653,,BAWANG LUTO,13,65.00
1654,,BAWANG HILAW,13,53.00
1655,,ATSUETE POWDER,13,65.00
1656,,ATSUETE BUTO,13,150.00
1657,,CURRY POWDER CLEAR,13,110.00
1658,,ANIS PALAY,13,
1659,,ASIN,13,
1660,,TAWAS PINO,13,
1661,,PAMINTA BUO,13,220.00
1662,,PAMINTA CRACK/PINO,13,225.00
1663,,SOYA,13,27.00
1664,,MALAGKIT BIGAS ,13,30.00
1665,,MASTERCHEF MALAGKIT POWDER,13,36.50
1666,,LAUREL,13,130.00
1667,,MONGO LABO,13,40.00
1668,,LASTE,13,75.00
1669,,SPOON/FORK,13,40.00
1670,,TOYSPOON,13,40.00
1671,,POPCORN,13,31.00
1672,,SAGO,13,45.00
1673,,MANI BALAT,13,
1674,,MANI SKINLESS 29/33,13,
1675,,LINGA,13,100.00
1676,,VETSIN ORDINARY,13,30.00
1677,,VETSIN ORIG VEDAN,13,80.00
1678,,CASUBHA,13,800.00
1679,,DRIED MUSHROOM,13,250.00
1680,,TENGANG DAGA (BLACK FUNGUS),13,150.00
1681,,DYARYO,13,
1682,,CARTON,13,
1683,,TINA LOKAL,13,
1684,,TINA ORIG,13,
1685,,IODIZED SALT,13,10.00
1686,,STAR ANIS,13,300.00
1687,,CELLOSHEET,13,95.00
1688,,BAKING POWDER,13,
1631,,WHITE SUGAR,10,74.00
1632,,WASH SUGAR,10,68.00
1633,,LIGHT BROWN,10,63.00
1634,,GOLDEN BROWN,10,68.00
1635,,NEGRO,10,80.00
1636,,ALL PURPOSE FLOUR,10,52.00
1637,,CORNSTARCH,10,43.00
1638,,HARINA,10,34.00
1639,,CINDERELLA,10,40.00
1640,,KLIM,10,72.00
1641,,MILK BOY,10,250.00
1642,,CASSAVA,10,55.00
1643,,ANGKAK (BUO/PINO),10,200.00
1644,,MARGARINE,10,75.00
1645,,OREGANO,10,300.00
1646,,BANANA BLOSSOM,10,265.00
1647,,PASAS,10,110.00
1648,,CHILI POWDER CLEAR,10,220.00
1649,,ACCORD,10,78.00
1650,,CURE MIX,10,30.00
1651,,TVP MEAT EXTENDER,10,80.00
1652,,GARLIC POWDER CLEAR,10,125.00
1653,,BAWANG LUTO,10,130.00
1654,,BAWANG HILAW,10,105.00
1655,,ATSUETE POWDER,10,130.00
1656,,ATSUETE BUTO,10,300.00
1657,,CURRY POWDER CLEAR,10,210.00
1658,,ANIS PALAY,10,
1659,,ASIN,10,15.00
1660,,TAWAS PINO,10,35.00
1661,,PAMINTA BUO,10,440.00
1662,,PAMINTA CRACK/PINO,10,450.00
1663,,SOYA,10,54.00
1664,,MALAGKIT BIGAS ,10,57.00
1665,,MASTERCHEF MALAGKIT POWDER,10,73.00
1666,,LAUREL,10,260.00
1667,,MONGO LABO,10,80.00
1668,,LASTE,10,150.00
1669,,SPOON/FORK,10,80.00
1670,,TOYSPOON,10,80.00
1671,,POPCORN,10,62.00
1672,,SAGO,10,90.00
1673,,MANI BALAT,10,100.00
1674,,MANI SKINLESS 29/33,10,105.00
1675,,LINGA,10,190.00
1676,,VETSIN ORDINARY,10,60.00
1677,,VETSIN ORIG VEDAN,10,160.00
1678,,CASUBHA,10,1600.00
1679,,DRIED MUSHROOM,10,500.00
1680,,TENGANG DAGA (BLACK FUNGUS),10,300.00
1681,,DYARYO,10,46.00
1682,,CARTON,10,32.00
1683,,TINA LOKAL,10,
1684,,TINA ORIG,10,90.00
1685,,IODIZED SALT,10,20.00
1686,,STAR ANIS,10,600.00
1687,,CELLOSHEET,10,190.00
1688,,BAKING POWDER,10,144.00
