257,,LC MAYO 27ML,3,133
258,,LC MAYO 80ML,3,33
259,,LC MAYO 3.5,3,1160
260,,BF W MAYO 3.5,3,422
261,,SEAS 250ML,3,90
262,,SEAS 500ML,3,150
263,,SEAS 1L,3,284
264,,CRAB N CORN 55G,3,52
265,,CRM OF MUSH 60G,3,52
266,,CHCKN CUBES X6 60G,3,34
267,,BEEF CUBES X6 60G,3,34
268,,PORK CUBES X6 60G,3,34
269,,CHCKN CUBES SINGLES,3,70
270,,BEEF CUBES SINGLES,3,70
271,,PORK CUBES SINGLES,3,70
272,,SHRIMP SINGLES,3,70
273,,SINIGANG 11G,3,77
274,,SINIGANG LITRO 22G,3,167
275,,SINIGANG 2LITRO 44G,3,
276,,GABI LITRO,3,170
277,,MISO LITRO,3,173
278,,SURF POWDER ,3,71
279,,CREAMSILK,3,74
280,,SUNSILK,3,70
281,,DOVE SH,3,63
283,,BREEZE,3,150
257,,LC MAYO 27ML,8,780.00
258,,LC MAYO 80ML,8,2320.00
259,,LC MAYO 3.5,8,4550.00
260,,BF W MAYO 3.5,8,1655.00
261,,SEAS 250ML,8,2115.00
262,,SEAS 500ML,8,1755.00
263,,SEAS 1L,8,1670.00
264,,CRAB N CORN 55G,8,3060.00
265,,CRM OF MUSH 60G,8,3060.00
269,,CHCKN CUBES SINGLES,8,3280.00
270,,BEEF CUBES SINGLES,8,3280.00
271,,PORK CUBES SINGLES,8,3280.00
272,,SHRIMP SINGLES,8,3280.00
273,,SINIGANG 11G,8,1815.00
274,,SINIGANG LITRO 22G,8,1965.00
276,,GABI LITRO,8,2000.00
277,,MISO LITRO,8,2040.00
278,,SURF POWDER ,8,1670.00
279,,CREAMSILK,8,1740.00
280,,SUNSILK,8,1640.00
281,,DOVE SH,8,1470.00
283,,BREEZE,8,1760.00
284,,TOMATO SAUCE FILIPINO 900g,3,80.00
285,,TOMATO SAUCE FILIPINO 250g,3,23.50
286,,TOMATO SAUCE FILIPINO 200G,3,20.00
287,,TOMATO SAUCE ORIGINAL 115G,3,18.50
288,,TOMATO SAUCE FILIPINO 90G,3,12.00
289,,SS FIL 900g,3,89.00
290,,SS SWEET 1K,3,95.00
291,,SS ITALIAN 900g,3,95.00
292,,TOM PASTE 150g ,3,31.00
293,,TIDBITS 115g,3,15.50
294,,PJ GAL ,3,179.00
295,,PJ 1/2 GAL 46 oz,3,103.00
296,,PJ 530 ML 2T,3,54.00
297,,PJ 202,3,29.00
298,,TODAYS GAL,3,250.00
299,,TODAYS 836g,3,84.00
300,,FIESTA GAL,3,283.00
301,,FIESTA 836g,3,87.00
302,,CHUNKS FLAT,3,33.00
303,,CHUNKS 822g,3,95.00
304,,TIDBITS FLAT,3,33.00
305,,CRUSHED FLAT,3,33.00
306,,KIKKOMAN LITER SOY,3,240.00
284,,TOMATO SAUCE FILIPINO 900g,8,910.00
285,,TOMATO SAUCE FILIPINO 250g,8,1050.00
286,,TOMATO SAUCE FILIPINO 200G,8,900.00
287,,TOMATO SAUCE ORIGINAL 115G,8,820.00
288,,TOMATO SAUCE FILIPINO 90G,8,540.00
289,,SS FIL 900g,8,1025.00
290,,SS SWEET 1K,8,1100.00
291,,SS ITALIAN 900g,8,1100.00
292,,TOM PASTE 150g ,8,1380.00
293,,TIDBITS 115g,8,690.00
294,,PJ GAL ,8,1030.00
295,,PJ 1/2 GAL 46 oz,8,1180.00
296,,PJ 530 ML 2T,8,1230.00
297,,PJ 202,8,660.00
298,,TODAYS GAL,8,1440.00
299,,TODAYS 836g,8,1940.00
300,,FIESTA GAL,8,1640.00
301,,FIESTA 836g,8,2000.00
302,,CHUNKS FLAT,8,750.00
303,,CHUNKS 822g,8,2180.00
304,,TIDBITS FLAT,8,750.00
305,,CRUSHED FLAT,8,750.00
306,,KIKKOMAN LITER SOY,8,2800.00
308,,GOLD CUP OYSTER,3,160
309,,BREAD CRUMBS 230g,3,27
310,,BREAD CREUMS 1K,3,100
312,,CHEESEMISS POWDER,3,128
316,,HYCO CHILI POWDER,3,330
317,,HYCO GARLIC POWDER,3,350
318,,HYCO ONION POWDER,3,300
319,,HYCO CURRY POWDER,3,365
320,,HYCO FOOD COLOR,3,85
321,,VINAMILK KILO,3,96
322,,VINAMILK SMALL,3,38
323,,BREAD CRUMBS 80g,3,12
326,,NECO ORANGE/EGG YELLOW BIG,3,112
327,,NECO ORANGE/EGG YELLOW SMALL,8,240
328,,NECO VIOLET BIG,3,175
329,,NECO VIOLET SMALL,8,360
330,,NECO STRAWBERRY RED BIG,3,140
331,,NECO STRAWBERRY RED SMALL,8,288
332,,NECO BANANA LITER,3,82
333,,NECO BANANA GALLON,3,230
334,,NECO VANILLA LITER,3,82
335,,NECO VANILLA GALLON,3,230
336,,BANANA BLOSSOM,3,265
337,,BANANA ESSENCE,3,30
338,,DON FRANK GULAMAN,3,550
339,,SAF INSTANT YEAST,3,160
340,,ANGEL YEAST,3,128
308,,GOLD CUP OYSTER,9,1860
309,,BREAD CRUMBS 230g,9,750
310,,BREAD CREUMS 1K,9,970
311,,LINGA,9,4200
312,,CHEESEMISS POWDER,9,2470
313,,ACETIC ACID 30kg,9,3050
314,,ACETIC ACID 20kg,9,2040
315,,TAWAS,9,1500
319,,HYCO CURRY POWDER,9,4230
320,,HYCO FOOD COLOR,9,970
321,,VINAMILK KILO,9,2200
322,,VINAMILK SMALL,9,1750
323,,BREAD CRUMBS 80g,9,780
324,,COCOA RICOA,9,1400
326,,NECO ORANGE/EGG YELLOW BIG,9,1300
327,,NECO ORANGE/EGG YELLOW SMALL,9,2646
328,,NECO VIOLET BIG,9,2075
329,,NECO VIOLET SMALL,9,4090
330,,NECO STRAWBERRY RED BIG,9,1600
331,,NECO STRAWBERRY RED SMALL,9,3265
332,,NECO BANANA LITER,9,940
333,,NECO BANANA GALLON,9,900
334,,NECO VANILLA LITER,9,940
335,,NECO VANILLA GALLON,9,900
336,,BANANA BLOSSOM,9,1950
337,,BANANA ESSENCE,9,27.5
338,,DON FRANK GULAMAN,9,13400
339,,SAF INSTANT YEAST,9,3150
340,,ANGEL YEAST,9,2450
341,,3.5 oz SALAD CUP FORTUNE,3,1.2
342,,CLING WRAP PARAMOUNT,3,25
343,,CELLOSHEET,10,190
344,,STAG FOIL JUMBO,11,450
345,,SAUCE CUP 1 oz/30ml,11,0.9
348,,PRINCE STAPLE WIRE #10,7,70
349,,FLORAL WRAP,11,185
350,,CELLOPHANE,11,80
351,,STICK 10 INCHES,11,18
352,,GLASSINE,11,25
353,,WINGS TABLE NAPKIN 1kg,11,110
354,,PACKAGING TAPE,11,30
342,,CLING WRAP PARAMOUNT,9,1060
344,,STAG FOIL JUMBO,9,2600
347,,PARAMOUNT FOIL 8 METERS,9,1250
350,,CELLOPHANE,9,3780
351,,STICK 10 INCHES,9,1550
352,,GLASSINE,9,1000
353,,WINGS TABLE NAPKIN 1kg,9,540
355,,TINA ENGLAND ,3,90
356,,CARTON ,3,32
357,,ANGKAK,3,200
358,,STAR ANIS (SANGKE),3,600
360,,SOTANGHON 1/2 ,3,42.5
362,,CHILI FLAKES ,3,160
363,,ANIS PALAY,3,90
367,,TINA SUPERBLUE,3,13.5
368,,LKK BAWANG LUTO,3,130
355,,TINA ENGLAND ,9,2000
356,,CARTON ,9,1500
357,,ANGKAK,9,3600
358,,STAR ANIS (SANGKE),9,4500
359,,OXALIC,9,1950
360,,SOTANGHON 1/2 ,9,2000
364,,RED MONGO ,9,2725
365,,WHITE BEANS 25k,9,2550
366,,ACETIC ACID 30kg,9,3050
367,,TINA SUPERBLUE,9,1200
368,,LKK BAWANG LUTO,9,2400
369,,IODIZED SALT,10,20
370,,DRIED MUSHROOM,10,500
371,,CHLOROX,10,58
372,,TENGA DAGA (BLACK FUNGUS),10,300
373,,ATSUETE BUTO,10,300
374,,ATSUETE POWDER,10,130
375,,LASTE/GOMA,10,150
376,,POPCORN,10,62
377,,WHITE PEPPER ,10,220
378,,CASUBHA,10,1600
369,,IODIZED SALT,7,340
371,,CHLOROX,7,2100
373,,ATSUETE BUTO,7,7250
375,,LASTE/GOMA,7,3500
376,,POPCORN,7,1150
379,,BIO BASIC MINI,2,195
380,,BIO BASIC TINY,2,285
381,,BIO BASIC MEDIUM,2,515
383,,SOFT MIGHTY TWINE,2,530
383,,SOFT MIGHTY TWINE,3,58
384,,BURGER BAG PRINTED,2,230
385,,BURGER BAG PLAIN,2,155
386,,PATOK SUGAR BAG # 1,2,178
387,,PATOK SUGAR BAG # 2,2,241
388,,NANYA WRAP FORMOSA,3,355
388,,NANYA WRAP FORMOSA,7,2080
421,PAPERBAGS,SO #1,3,0.28
422,PAPERBAGS,SO #2,3,0.32
423,PAPERBAGS,SO #3,3,0.38
424,PAPERBAGS,SO #4,3,0.5
425,PAPERBAGS,SO #5,3,0.58
426,PAPERBAGS,SO #6,3,0.6
427,PAPERBAGS,SO #8,3,0.82
428,PAPERBAGS,SO #10,3,0.82
429,PAPERBAGS,SO #12,3,0.88
430,PAPERBAGS,SO #16,3,1.4
431,PAPERBAGS,SO #20,3,1.55
432,PAPERBAGS,SO #25,3,1.6
433,PAPERBAGS,SO #45,3,2.3
434,PAPERBAGS,KS,3,18
435,PAPERBAGS,KES,3,17
436,PAPERBAGS,K 1/2,3,19
437,PAPERBAGS,K 1/4,3,19
421,PAPERBAGS,SO #1,9,2100
422,PAPERBAGS,SO #2,9,1800
423,PAPERBAGS,SO #3,9,1850
424,PAPERBAGS,SO #4,9,1800
425,PAPERBAGS,SO #5,9,1595
426,PAPERBAGS,SO #6,9,1750
427,PAPERBAGS,SO #8,9,1600
428,PAPERBAGS,SO #10,9,1600
429,PAPERBAGS,SO #12,9,1700
434,PAPERBAGS,KS,9,1600
435,PAPERBAGS,KES,9,1500
436,PAPERBAGS,K 1/2,9,1650
437,PAPERBAGS,K 1/4,9,1650
440,,CAMPBELLS,3,100
441,,LKK OYSTER PANDA,3,220
438,,SESAME OIL,9,1500
439,,ANISADO ,9,1400
441,,LKK OYSTER PANDA,9,2600
