,LC MAYO 27ML,8
,LC MAYO 80ML,8
,LC MAYO 3.5,8
,BF W MAYO 3.5,8
,SEAS 250ML,8
,SEAS 500ML,8
,SEAS 1L,8
,CRAB N CORN 55G,8
,CRM OF MUSH 60G,8
,CHCKN CUBES X6 60G,8
,BEEF CUBES X6 60G,8
,PORK CUBES X6 60G,8
,CHCKN CUBES SINGLES,8
,BEEF CUBES SINGLES,8
,PORK CUBES SINGLES,8
,SHRIMP SINGLES,8
,SINIGANG 11G,8
,SINIGANG LITRO 22G,8
,SINIGANG 2LITRO 44G,8
,GABI LITRO,8
,MISO LITRO,8
,SURF POWDER ,8
,CREAMSILK,8
,SUNSILK,8
,DOVE SH,8
,CLOSE-UP,8
,BREEZE,8
,TOMATO SAUCE FILIPINO 900g,9
,TOMATO SAUCE FILIPINO 250g,9
,TOMATO SAUCE FILIPINO 200G,9
,TOMATO SAUCE ORIGINAL 115G,9
,TOMATO SAUCE FILIPINO 90G,9
,SS FIL 900g,9
,SS SWEET 1K,9
,SS ITALIAN 900g,9
,TOM PASTE 150g ,9
,TIDBITS 115g,9
,PJ GAL ,9
,PJ 1/2 GAL 46 oz,9
,PJ 530 ML 2T,9
,PJ 202,9
,TODAYS GAL,9
,TODAYS 836g,9
,FIESTA GAL,9
,FIESTA 836g,9
,CHUNKS FLAT,9
,CHUNKS 822g,9
,TIDBITS FLAT,9
,CRUSHED FLAT,9
,KIKKOMAN LITER SOY,9
,CANE VINE 490 ML,9
,GOLD CUP OYSTER,10
,BREAD CRUMBS 230g,10
,BREAD CREUMS 1K,10
,LINGA,10
,CHEESEMISS POWDER,10
,ACETIC ACID 30kg,10
,ACETIC ACID 20kg,10
,TAWAS,10
,HYCO CHILI POWDER,10
,HYCO GARLIC POWDER,10
,HYCO ONION POWDER,10
,HYCO CURRY POWDER,10
,HYCO FOOD COLOR,10
,VINAMILK KILO,10
,VINAMILK SMALL,10
,BREAD CRUMBS 80g,10
,COCOA RICOA,10
,COCOA EMI,10
,NECO ORANGE/EGG YELLOW BIG,10
,NECO ORANGE/EGG YELLOW SMALL,10
,NECO VIOLET BIG,10
,NECO VIOLET SMALL,10
,NECO STRAWBERRY RED BIG,10
,NECO STRAWBERRY RED SMALL,10
,NECO BANANA LITER,10
,NECO BANANA GALLON,10
,NECO VANILLA LITER,10
,NECO VANILLA GALLON,10
,BANANA BLOSSOM,10
,BANANA ESSENCE,10
,DON FRANK GULAMAN,10
,SAF INSTANT YEAST,10
,ANGEL YEAST,10
,3.5 oz SALAD CUP FORTUNE,11
,CLING WRAP PARAMOUNT,11
,CELLOSHEET,11
,STAG FOIL JUMBO,11
,SAUCE CUP 1 oz/30ml,11
,STICK 8 INCHES,11
,PARAMOUNT FOIL 8 METERS,11
,PRINCE STAPLE WIRE #10,11
,FLORAL WRAP,11
,CELLOPHANE,11
,STICK 10 INCHES,11
,GLASSINE,11
,WINGS TABLE NAPKIN 1kg,11
,PACKAGING TAPE,11
,TINA ENGLAND ,12
,CARTON ,12
,ANGKAK,12
,STAR ANIS (SANGKE),12
,OXALIC,12
,SOTANGHON 1/2 ,12
,GARBANZOS ,12
,CHILI FLAKES ,12
,ANIS PALAY,12
,RED MONGO ,12
,WHITE BEANS 25k,12
,ACETIC ACID 30kg,12
,TINA SUPERBLUE,12
,LKK BAWANG LUTO,12
,IODIZED SALT,5
,DRIED MUSHROOM,5
,CHLOROX,5
,TENGA DAGA (BLACK FUNGUS),5
,ATSUETE BUTO,5
,ATSUETE POWDER,5
,LASTE/GOMA,5
,POPCORN,5
,WHITE PEPPER ,5
,CASUBHA,5
,BIO BASIC MINI,6
,BIO BASIC TINY,6
,BIO BASIC MEDIUM,6
,BIO BASIC LARGE,6
,SOFT MIGHTY TWINE,6
,BURGER BAG PRINTED,6
,BURGER BAG PLAIN,6
,PATOK SUGAR BAG # 1,6
,PATOK SUGAR BAG # 2,6
,NANYA WRAP FORMOSA,6
,SESAME OIL,7
,OK CHEESE BIG,7
,OK CHEESE SM,7
,ANISADO WINE,7
,BASIC MINI,13
,BASIC TINY,13
,BASIC MED,13
,1x10 TH,13
,1 1/2 x 10 TH,13
,1 3/4x10 TH,13
,2x10 TH,13
,BIO BASIC MINI,13
,BIO BASIC TINY,13
,BIO BASIC MED,13
,BIO BASIC LARGE,13
,FINEST MINI,13
,FINEST TINY,13
,FINEST MED,13
,FINEST LAR,13
,10x14 PE,13
,7x10 PE,13
,1 1/4x10 TH,13
,SHURE 4x12,13
,SHURE SP 10,13
,SHURE SP 16,13
,SHURE SP 30,13
,SHURE RO 40,13
,SHURE SP 500,13
,SHURE SP 750,13
,SHURE SP 1000,13
,SHURE SP 1600,13
,SHURE SP 2500,13
PAPERBAGS,SO #1,14
PAPERBAGS,SO #2,14
PAPERBAGS,SO #3,14
PAPERBAGS,SO #4,14
PAPERBAGS,SO #5,14
PAPERBAGS,SO #6,14
PAPERBAGS,SO #8,14
PAPERBAGS,SO #10,14
PAPERBAGS,SO #12,14
PAPERBAGS,SO #16,14
PAPERBAGS,SO #20,14
PAPERBAGS,SO #25,14
PAPERBAGS,SO #45,14
PAPERBAGS,KS,14
PAPERBAGS,KES,14
PAPERBAGS,K 1/2,14
PAPERBAGS,K 1/4,14
,SESAME OIL,15
,ANISADO ,15
,CAMPBELLS,15
,LKK OYSTER PANDA,15
,DYARYO 4L,16
,MONACO,16
,TOROS CHEESE,16
,LKK FRIEND GARLIC,16
,PASAS,17
,WHITE BEANS (25k),17
,BLACK BEANS (25K),17
,GREEN PEAS (25K),17
,ATS BUTO 77 (25K),17
,MANI BALAT,18
,SUNFLOWER (20K),18
,RED MONGO (25k),18
,STAR ANIS ,18
,LINGA,18
