1,PENGUIN,4X6 (2m),1,86
2,PENGUIN,4X7 (2m),1,100
3,PENGUIN,4X8 (2m),1,114
4,PENGUIN,4X10 (2m),1,143
5,PENGUIN,5X8 (2m),1,139
6,PENGUIN,5X10,1,87
7,PENGUIN,6X12,1,121
8,PENGUIN,7X10,1,118
9,PENGUIN,7X12,1,141
10,PENGUIN,7X14,1,165
11,PENGUIN,8X14,1,188
12,PENGUIN,8X16,1,215
13,PENGUIN,10X15,1,252
14,PENGUIN,11X22,1,407
15,PENGUIN BLUE,5X10,1,113
16,PENGUIN BLUE,6X12,1,163
17,PUMA,8X11 FLAT,1,122
18,PUMA,8X14 FLAT,1,151
19,PUMA,10X14 FLAT,1,192
20,PUMA,10X15 FLAT,1,220
21,PUMA,12X18 FLAT,1,347
22,PUMA,16X24 FLAT,1,630
23,PUMA,20X30 FLAT,1,1.10
23,PUMA,20X30 FLAT,5,1110.00
24,PUMA,20X30 ROLL (2M),1,1130
25,SOCIETY,TINY,1,236
26,SOCIETY,MEDIUM,1,467
27,SOCIETY,LARGE ,1,866
28,SOCIETY,XL,1,89
29,CROWN,16X24,1,2.40
30,CROWN,17X30,3,2.10
31,CROWN,18X32 (200 pcs/pack),3,2.00
32,CROWN,22X38,3,4.30
33,CROWN,25X50 CLEAR,4,480
34,CROWN,25X50 COLORED,4,500
29,CROWN,16X24,5,500
30,CROWN,17X30,5,"2,142"
31,CROWN,18X32 (200 pcs/pack),5,"2,054"
32,CROWN,22X38,5,"4,389"
33,CROWN,25X50 CLEAR,5,"9,625"
34,CROWN,25X50 COLORED,5,"9,992"
35,GOLD MEDAL,8X11 FLAT PLAIN,1,74
35,GOLD MEDAL,8X11 FLAT PLAIN,5,4970
36,GOLD MEDAL,8X11 FLAT COLORED,1,75
37,GOLD MEDAL,8X14 PLAIN,1,95
38,GOLD MEDAL,8X14 COLOR,1,96
39,GOLD MEDAL,10X14,1,131
40,GOLD MEDAL,10X15,1,146
41,GOLD MEDAL,10X18,1,189
42,GOLD MEDAL,11X16 GREEN,1,257
43,GOLD MEDAL,11X22 ,1,237
44,GOLD MEDAL,12X18 PLAIN,1,247
45,GOLD MEDAL,12X18 GREEN,1,284
46,GOLD MEDAL,14X20,1,319
47,GOLD MEDAL,16X24 PLAIN,1,455
48,GOLD MEDAL,16X24 GREEN,1,564
49,GOLD MEDAL,20X30 FLAT,4,100
50,ROLL GOLD MEDAL,8X11 ROLL ,1,76
50,ROLL GOLD MEDAL,8X11 ROLL ,2,3686
51,ROLL GOLD MEDAL,16X24 ROLL (80M),1,61
52,ROLL GOLD MEDAL,20X30 ROLL,1,102
53,SWAN,4X5,5,83
54,SWAN,4X6,5,100
55,SWAN,4X7,5,116
56,SWAN,4X8,5,133
57,SWAN,4X9,5,149
58,SWAN,4X10,5,166
59,SWAN,5X6,5,124
60,SWAN,5X7,5,145
61,SWAN,5X8,5,166
62,SWAN,5X9,5,187
63,SWAN,5X10,5,207
64,SWAN,6X8,5,199
65,SWAN,6X10,5,249
66,SWAN,6X12,5,298
67,SWAN,7X10,5,290
68,SWAN,7X12,5,348
69,SWAN,7X14,5,406
70,SWAN,8X14,5,464
71,SWAN,9X15,5,559
72,SWAN,10X15,5,622
73,SWAN,11X22,5,"1,003"
74,SWAN,12X18,5,895
75,ROLEX STANDARD,1 1/2X3,1,95
76,ROLEX STANDARD,1 1/2X1O,1,127
77,ROLEX STANDARD,2X3 GREEN,1,57
78,ROLEX STANDARD,2X10,1,146
79,ROLEX STANDARD,2 1/2 X8,1,133
80,ROLEX STANDARD,2 1/2X10,1,166
81,ROLEX STANDARD,3X6,1,186
82,ROLEX STANDARD,3X8,1,124
83,ROLEX STANDARD,3X10,1,155
84,ROLEX STANDARD,4X6,1,119
85,ROLEX STANDARD,4X8,1,160
86,ROLEX STANDARD,4X10,1,198
87,ROLEX STANDARD,4X12,1,238
88,ROLEX STANDARD,5X6,1,144
89,ROLEX STANDARD,5X8,1,96
90,ROLEX STANDARD,5X10,1,120
90,ROLEX STANDARD,5X10,5,4600
91,ROLEX STANDARD,5X11,1,132
92,ROLEX STANDARD,5X12,1,144
93,ROLEX STANDARD,5X14,1,168
94,ROLEX STANDARD,5X16,1,192
95,ROLEX STANDARD,5X18,1,216
96,ROLEX STANDARD,6X8,1,113
97,ROLEX STANDARD,6X10,1,141
98,ROLEX STANDARD,6X12,1,169
98,ROLEX STANDARD,6X12,5,4032
99,ROLEX STANDARD,6X14,1,197
100,ROLEX STANDARD,6X16,1,225
101,ROLEX STANDARD,6X18,1,253
102,ROLEX STANDARD,7X12,1,197
103,ROLEX STANDARD,7X14,1,230
103,ROLEX STANDARD,7X14,5,4420
104,ROLEX STANDARD,8X12,1,225
105,ROLEX STANDARD,8X14,1,262
106,ROLEX STANDARD,9X14,1,295
107,ROLEX STANDARD,10X15,1,351
108,ROLEX 03 YELLOW,2X3 YELLOW,1,84
108,ROLEX 03 YELLOW,2X3 YELLOW,5,4035
109,ROLEX 03 YELLOW,2 1/2X3,1,105
110,ROLEX 03 YELLOW,2 1/2X4,1,140
111,ROLEX 03 YELLOW,2X4,1,112
112,ROLEX 03 YELLOW,3X5,1,211
113,ROLEX 03 YELLOW,3X8,1,169
114,ROLEX 03 YELLOW,4X5,1,136
115,ROLEX 03 YELLOW,4X6,1,163
116,ROLEX 03 YELLOW,4 1/2X6,1,183
117,ROLEX 03 YELLOW,4X7,1,190
118,ROLEX 03 YELLOW,4X8,1,217
119,ROLEX 03 YELLOW,4X9,1,244
120,ROLEX 03 YELLOW,4X10,1,271
121,ROLEX 03 YELLOW,5X6,1,204
122,ROLEX 03 YELLOW,5X8,1,270
123,ROLEX 03 YELLOW,5X10,1,338
124,ROLEX 03 YELLOW,6X8,1,324
125,ROLEX 03 YELLOW,6X10,1,405
126,ROLEX 03 YELLOW,6X12,1,485
127,ROLEX 03 YELLOW,7X12,1,566
128,ROLEX 03 YELLOW,7X14,1,660
129,ROLEX 03 YELLOW,8X12,1,647
130,ROLEX 03 YELLOW,8X14,1,759
131,ROLEX 03 YELLOW,10X14,1,948
132,ROLEX 03 YELLOW,10X15,1,"1,016"
133,ROLEX 03 YELLOW,12X18,1,"1,463"
134,TRASH BAG,TRASH BUSTER LARGE ,1,30
135,TRASH BAG,TRASH BUSTER XL FLAT,1,45
136,TRASH BAG,TRASH BUSTER MEDIUM,1,15
137,TRASH BAG,TRASH BUSTER XXL FLAT,1,68
138,TRASH BAG,SUPERB ROLL XL,1,30
139,TRASH BAG,SUPERB ROLL XXL,1,45
134,TRASH BAG,TRASH BUSTER LARGE ,5,562
135,TRASH BAG,TRASH BUSTER XL FLAT,5,420
136,TRASH BAG,TRASH BUSTER MEDIUM,5,252
137,TRASH BAG,TRASH BUSTER XXL FLAT,5,656
138,TRASH BAG,SUPERB ROLL XL,5,278
139,TRASH BAG,SUPERB ROLL XXL,5,425
140,TRASH BAG,BURGER PLAIN,1,155
141,TRASH BAG,COUNTER BAG #1 ,1,102
142,TRASH BAG,COUNTER BAG #2,1,128
143,ROLL X,8X11 ROLL X ,1,76
144,ROLL X,10X14 ROLL X,1,135
145,ROLL X,16X24 ROLL X (125 pcs),1,63
146,ROLL X,20X30 ROLL X,1,100
147,ROLL X,12X18 ROLL X (250 pcs),1,61
143,ROLL X,8X11 ROLL X ,5,"2,135"
144,ROLL X,10X14 ROLL X,5,"2,600"
145,ROLL X,16X24 ROLL X (125 pcs),5,"1,200"
146,ROLL X,20X30 ROLL X,5,"1,860"
147,ROLL X,12X18 ROLL X (250 pcs),5,"1,160"
148,ROLL X,14X20 YELLOW (250 pcs),1,110
149,ROLL X,12X18 GREEN (250 PCS),1,74
150,ROLL X,16X24 RED (125 PCS),1,77
151,ZIPPY BAGS,2,1,22
152,ZIPPY BAGS,4,1,35
153,ZIPPY BAGS,5,1,50
154,ZIPPY BAGS,6,1,60
155,ZIPPY BAGS,7,1,78
156,ZIPPY BAGS,8,1,120
157,ZIPPY BAGS,9,1,145
158,ZIPPY BAGS,10,1,195
159,SHURE,1X10 ,1,
160,SHURE,1 1/4X10 ,1,336
161,SHURE,1 1/2X10 ,1,357
162,SHURE,1 3/4X10 ,1,389
163,SHURE,2X10,1,353
164,SHURE,3X10 ,1,247
165,SHURE,4X12 ,1,362
166,SHURE,4X10 1/2 COOLERS,1,195
167,SHURE,ULTRA TINY,1,250
168,SHURE,ULTRA MEDIUM ,1,500
169,SHURE,ULTRA LARGE,1,950
170,PATOK/TRIPLE HAT,1X10 ,1,300
171,PATOK/TRIPLE HAT,1 1/4X10 ,1,336
172,PATOK/TRIPLE HAT,1 1/2X10 ,1,357
173,PATOK/TRIPLE HAT,1 3/4X10 ,1,389
174,PATOK/TRIPLE HAT,2X10,1,353
175,PATOK/TRIPLE HAT,3X10 ,1,247
176,PATOK/TRIPLE HAT,4X12 ,1,370
177,PATOK/TRIPLE HAT,5X12 ,1,250
178,PATOK/TRIPLE HAT,SUGAR BAG #1,1,178
179,PATOK/TRIPLE HAT,SUGAR BAG #2,1,241
180,WHITE HORSE,1X10 ,1,230
181,WHITE HORSE,1 1/4X10 ,1,270
182,WHITE HORSE,1 1/2X10 ,1,285
183,WHITE HORSE,1 3/4X10 ,1,300
184,WHITE HORSE,2X10,1,297
185,WHITE HORSE,3X10 ,1,220
186,WHITE HORSE,4X12 ,1,
187,WHITE HORSE,5X12,1,170
188,WHITE HORSE,4X10 1/2,1,70
189,WHITE HORSE,10X14 ROLL,1,125
190,WHITE HORSE,16X24 ROLL,1,100
191,DONEWELL,5x10,1,105
192,DONEWELL,5x10 03,1,286
193,DONEWELL,8x14,1,655
194,DONEWELL,12X24,3,1.50
195,DONEWELL,16X24,1,1400
196,DONEWELL,17X31,3,2.10
197,DONEWELL,22X38,3,4.00
198,DONEWELL,STRIPE XL,3,80
199,DONEWELL,STRIPE JUMBO,3,105
200,DONEWELL,5X12 WHITE HOUSE,1,226
201,DONEWELL,4X7 VICTORY,1,220
202,DONEWELL,5X8 VICTORY,1,285
203,DONEWELL,6X10 VICTORY,1,400
204,DONEWELL,THANK YOU TINY ,1,365
205,DONEWELL,THANK YOU MEDIUM,1,630
206,DONEWELL,THANK YOU LARGE ,1,1075
207,P.E,5X6,1,200
208,P.E,7X10,1,510
209,P.E,10X14,1,1024
210,P.E,12X18,1,1400
211,TOP PLACE,MINI  ,2,79
212,TOP PLACE,TINY ,2,105
213,TOP PLACE,MEDIUM,2,200
214,TOP PLACE,LARGE,2,363
211,TOP PLACE,MINI  ,5,4536
212,TOP PLACE,TINY ,5,4688
213,TOP PLACE,MEDIUM,5,4600
214,TOP PLACE,LARGE,5,8568
215,JD/ROOSTER,MINI,5,4900
216,JD/ROOSTER,TINY,5,4900
217,JD/ROOSTER,MEDIUM,5,6120
218,JD/ROOSTER,LARGE,5,6660
215,JD/ROOSTER,MINI,2,80
216,JD/ROOSTER,TINY,2,105
217,JD/ROOSTER,MEDIUM,2,216
218,JD/ROOSTER,LARGE,2,354
219,RC,MINI ,2,78
220,RC,TINY,2,100
221,RC,MEDIUM,2,200
222,RC,LARGE,2,338
219,RC,MINI ,5,78
220,RC,TINY,5,100
221,RC,MEDIUM,5,200
222,RC,LARGE,5,338
223,FINEST,MINI ,2,195
224,FINEST,TINY,2,245
225,FINEST,MEDIUM,2,458
226,FINEST,LARGE,2,800
227,MISTER BIO,MINI ,5,3950
228,MISTER BIO,TINY ,5,5135
229,MISTER BIO,MEDIUM ,5,6140
230,MISTER BIO,LARGE,5,5200
227,MISTER BIO,MINI ,2,82
228,MISTER BIO,TINY ,2,105
229,MISTER BIO,MEDIUM ,2,208
230,MISTER BIO,LARGE,2,352
231,SNOW BIRD,TINY,1,320
232,SNOW BIRD,MEDIUM,1,580
233,SNOW BIRD,LARGE,1,1060
234,BIO BASIC,MINI,1,175
235,BIO BASIC,TINY,1,265
236,BIO BASIC,MEDIUM,1,480
237,BIO BASIC,LARGE,1,720
238,ULTRA,TINY,1,250
239,ULTRA,MEDIUM ,1,500
240,ULTRA,LARGE,1,950
241,MASTER/PINOY/WINWIN,3 OZ ,1,215
242,MASTER/PINOY/WINWIN,5 OZ ,1,245
243,MASTER/PINOY/WINWIN,6 OZ ,1,255
244,MASTER/PINOY/WINWIN,7 OZ ,1,265
245,MASTER/PINOY/WINWIN,8 OZ,1,275
246,MASTER/PINOY/WINWIN,10 OZ ,1,355
247,MASTER/PINOY/WINWIN,12 OZ ,1,380
248,MASTER/PINOY/WINWIN,16 OZ,1,620
249,DONEWELL,3 OZ,1,230
250,DONEWELL,5 OZ,1,260
251,DONEWELL,6 OZ,1,275
252,DONEWELL,7 OZ,1,300
253,DONEWELL,8 OZ,1,325
254,DONEWELL,10 OZ,1,410
255,DONEWELL,12 OZ ,1,450
256,DONEWELL,16 OZ,1,670
